{
    "test_runs": [
        "Test 1",
        "Test 2",
        "Test 3",
        "Test 4",
        "Test 5",
        "Test 6",
        "Test 7",
        "Test 8",
        "Test 9",
        "Test 10"
    ],
    "throughput": [
        23022.133677655966,
        24700.092880693654,
        24941.6316543809,
        24069.732662842263,
        23362.969959091584,
        22030.650113396576,
        23677.34843756633,
        26368.964984376547,
        25752.936352614543,
        26842.264042945535
    ],
    "latency": [
        5596.985816955566,
        5084.7461223602295,
        5076.439619064331,
        5074.342727661133,
        5586.432456970215,
        5107.052564620972,
        5088.308334350586,
        4569.4825649261475,
        4565.352201461792,
        4563.165664672852
    ]
}